AssemblyConfigName,Component,ConfigName,FeatureName,FeatureType,DimFullName,Value_mm,Value_in,Tolerance_Type,IsDriven,IsLinked,IsGlobalVar,EquationOrComment
Default,G2FujaraTop-1,CNC_Flue1,Sketch1,ProfileFeature,blank_length@Sketch1@G2FujaraTop.Part,1803.4000,71.0000,N/A,TRUE,FALSE,FALSE,
Default,G2FujaraTop-1,CNC_Flue1,Sketch1,ProfileFeature,blank_width@Sketch1@G2FujaraTop.Part,57.1500,2.2500,N/A,TRUE,FALSE,FALSE,
Default,G2FujaraTop-1,CNC_Flue1,wood block,Extrusion,thickness@wood block@G2FujaraTop.Part,28.5750,1.1250,N/A,TRUE,FALSE,FALSE,
Default,G2FujaraTop-1,CNC_Flue1,wood block,Extrusion,blank_length@Sketch1@G2FujaraTop.Part,1803.4000,71.0000,N/A,TRUE,FALSE,FALSE,
Default,G2FujaraTop-1,CNC_Flue1,wood block,Extrusion,blank_width@Sketch1@G2FujaraTop.Part,57.1500,2.2500,N/A,TRUE,FALSE,FALSE,
Default,G2FujaraTop-1,CNC_Flue1,Sketch1,ProfileFeature,blank_length@Sketch1@G2FujaraTop.Part,1803.4000,71.0000,N/A,TRUE,FALSE,FALSE,
Default,G2FujaraTop-1,CNC_Flue1,Sketch1,ProfileFeature,blank_width@Sketch1@G2FujaraTop.Part,57.1500,2.2500,N/A,TRUE,FALSE,FALSE,
Default,G2FujaraTop-1,CNC_Flue1,Sketch2,ProfileFeature,bore_inner_radius@Sketch2@G2FujaraTop.Part,15.8750,0.6250,N/A,TRUE,FALSE,FALSE,
Default,G2FujaraTop-1,CNC_Flue1,Sketch2,ProfileFeature,finished_length@Sketch2@G2FujaraTop.Part,1755.7750,69.1250,N/A,FALSE,FALSE,FALSE,
Default,G2FujaraTop-1,CNC_Flue1,Inner Bore,RevCut,D1@Inner Bore@G2FujaraTop.Part,6283.1853,247.3695,N/A,FALSE,FALSE,FALSE,
Default,G2FujaraTop-1,CNC_Flue1,Inner Bore,RevCut,bore_inner_radius@Sketch2@G2FujaraTop.Part,15.8750,0.6250,N/A,TRUE,FALSE,FALSE,
Default,G2FujaraTop-1,CNC_Flue1,Inner Bore,RevCut,finished_length@Sketch2@G2FujaraTop.Part,1755.7750,69.1250,N/A,FALSE,FALSE,FALSE,
Default,G2FujaraTop-1,CNC_Flue1,Sketch2,ProfileFeature,bore_inner_radius@Sketch2@G2FujaraTop.Part,15.8750,0.6250,N/A,TRUE,FALSE,FALSE,
Default,G2FujaraTop-1,CNC_Flue1,Sketch2,ProfileFeature,finished_length@Sketch2@G2FujaraTop.Part,1755.7750,69.1250,N/A,FALSE,FALSE,FALSE,
Default,G2FujaraTop-1,CNC_Flue1,Sketch12,ProfileFeature,flange_depth@Sketch12@G2FujaraTop.Part,10.5410,0.4150,N/A,FALSE,FALSE,FALSE,
Default,G2FujaraTop-1,CNC_Flue1,Sketch12,ProfileFeature,finished_length@Sketch12@G2FujaraTop.Part,1755.7750,69.1250,N/A,FALSE,FALSE,FALSE,
Default,G2FujaraTop-1,CNC_Flue1,Sketch12,ProfileFeature,flange_OD@Sketch12@G2FujaraTop.Part,19.6850,0.7750,N/A,FALSE,FALSE,FALSE,
Default,G2FujaraTop-1,CNC_Flue1,Cut-Revolve1,RevCut,D1@Cut-Revolve1@G2FujaraTop.Part,6283.1853,247.3695,N/A,FALSE,FALSE,FALSE,
Default,G2FujaraTop-1,CNC_Flue1,Cut-Revolve1,RevCut,flange_depth@Sketch12@G2FujaraTop.Part,10.5410,0.4150,N/A,FALSE,FALSE,FALSE,
Default,G2FujaraTop-1,CNC_Flue1,Cut-Revolve1,RevCut,finished_length@Sketch12@G2FujaraTop.Part,1755.7750,69.1250,N/A,FALSE,FALSE,FALSE,
Default,G2FujaraTop-1,CNC_Flue1,Cut-Revolve1,RevCut,flange_OD@Sketch12@G2FujaraTop.Part,19.6850,0.7750,N/A,FALSE,FALSE,FALSE,
Default,G2FujaraTop-1,CNC_Flue1,Sketch12,ProfileFeature,flange_depth@Sketch12@G2FujaraTop.Part,10.5410,0.4150,N/A,FALSE,FALSE,FALSE,
Default,G2FujaraTop-1,CNC_Flue1,Sketch12,ProfileFeature,finished_length@Sketch12@G2FujaraTop.Part,1755.7750,69.1250,N/A,FALSE,FALSE,FALSE,
Default,G2FujaraTop-1,CNC_Flue1,Sketch12,ProfileFeature,flange_OD@Sketch12@G2FujaraTop.Part,19.6850,0.7750,N/A,FALSE,FALSE,FALSE,
Default,G2FujaraTop-1,CNC_Flue1,Boss-Extrude1,ICE,D1@Boss-Extrude1@G2FujaraTop.Part,53.9750,2.1250,N/A,FALSE,FALSE,FALSE,
Default,G2FujaraTop-1,CNC_Flue1,Fillet3,Fillet,D1@Fillet3@G2FujaraTop.Part,3.1750,0.1250,N/A,FALSE,FALSE,FALSE,
Default,G2FujaraTop-1,CNC_Flue1,Sketch5,ProfileFeature,fipple_gap@Sketch5@G2FujaraTop.Part,10.1600,0.4000,N/A,FALSE,FALSE,FALSE,
Default,G2FujaraTop-1,CNC_Flue1,Sketch5,ProfileFeature,fipple_ramp@Sketch5@G2FujaraTop.Part,349.0659,13.7428,N/A,FALSE,FALSE,FALSE,
Default,G2FujaraTop-1,CNC_Flue1,Sketch5,ProfileFeature,gap_beginning@Sketch5@G2FujaraTop.Part,53.9750,2.1250,N/A,FALSE,FALSE,FALSE,
Default,G2FujaraTop-1,CNC_Flue1,Sketch5,ProfileFeature,flue_dam@Sketch5@G2FujaraTop.Part,392.6991,15.4606,N/A,FALSE,FALSE,FALSE,
Default,G2FujaraTop-1,CNC_Flue1,Sketch5,ProfileFeature,flue_depth@Sketch5@G2FujaraTop.Part,12.1285,0.4775,N/A,FALSE,FALSE,FALSE,
Default,G2FujaraTop-1,CNC_Flue1,fipple,ICE,fipple_width@fipple@G2FujaraTop.Part,12.7000,0.5000,N/A,FALSE,FALSE,FALSE,
Default,G2FujaraTop-1,CNC_Flue1,fipple,ICE,fipple_gap@Sketch5@G2FujaraTop.Part,10.1600,0.4000,N/A,FALSE,FALSE,FALSE,
Default,G2FujaraTop-1,CNC_Flue1,fipple,ICE,fipple_ramp@Sketch5@G2FujaraTop.Part,349.0659,13.7428,N/A,FALSE,FALSE,FALSE,
Default,G2FujaraTop-1,CNC_Flue1,fipple,ICE,gap_beginning@Sketch5@G2FujaraTop.Part,53.9750,2.1250,N/A,FALSE,FALSE,FALSE,
Default,G2FujaraTop-1,CNC_Flue1,fipple,ICE,flue_dam@Sketch5@G2FujaraTop.Part,392.6991,15.4606,N/A,FALSE,FALSE,FALSE,
Default,G2FujaraTop-1,CNC_Flue1,fipple,ICE,flue_depth@Sketch5@G2FujaraTop.Part,12.1285,0.4775,N/A,FALSE,FALSE,FALSE,
Default,G2FujaraTop-1,CNC_Flue1,Sketch5,ProfileFeature,fipple_gap@Sketch5@G2FujaraTop.Part,10.1600,0.4000,N/A,FALSE,FALSE,FALSE,
Default,G2FujaraTop-1,CNC_Flue1,Sketch5,ProfileFeature,fipple_ramp@Sketch5@G2FujaraTop.Part,349.0659,13.7428,N/A,FALSE,FALSE,FALSE,
Default,G2FujaraTop-1,CNC_Flue1,Sketch5,ProfileFeature,gap_beginning@Sketch5@G2FujaraTop.Part,53.9750,2.1250,N/A,FALSE,FALSE,FALSE,
Default,G2FujaraTop-1,CNC_Flue1,Sketch5,ProfileFeature,flue_dam@Sketch5@G2FujaraTop.Part,392.6991,15.4606,N/A,FALSE,FALSE,FALSE,
Default,G2FujaraTop-1,CNC_Flue1,Sketch5,ProfileFeature,flue_depth@Sketch5@G2FujaraTop.Part,12.1285,0.4775,N/A,FALSE,FALSE,FALSE,
Default,G2FujaraTop-1,CNC_Flue1,Sketch3,ProfileFeature,hole3_diameter@Sketch3@G2FujaraTop.Part,7.6200,0.3000,N/A,FALSE,FALSE,FALSE,
Default,G2FujaraTop-1,CNC_Flue1,Sketch3,ProfileFeature,hole2_diameter@Sketch3@G2FujaraTop.Part,7.6200,0.3000,N/A,FALSE,FALSE,FALSE,
Default,G2FujaraTop-1,CNC_Flue1,Sketch3,ProfileFeature,hole1_diameter@Sketch3@G2FujaraTop.Part,7.6200,0.3000,N/A,FALSE,FALSE,FALSE,
Default,G2FujaraTop-1,CNC_Flue1,Sketch3,ProfileFeature,fipple_to_hole1@Sketch3@G2FujaraTop.Part,1157.2240,45.5600,N/A,FALSE,FALSE,FALSE,
Default,G2FujaraTop-1,CNC_Flue1,Sketch3,ProfileFeature,fipple_to_hole2@Sketch3@G2FujaraTop.Part,1242.3140,48.9100,N/A,FALSE,FALSE,FALSE,
Default,G2FujaraTop-1,CNC_Flue1,Sketch3,ProfileFeature,fipple_to_hole3@Sketch3@G2FujaraTop.Part,1412.4940,55.6100,N/A,FALSE,FALSE,FALSE,
Default,G2FujaraTop-1,CNC_Flue1,finger holes,ICE,depth@finger holes@G2FujaraTop.Part,25.4000,1.0000,N/A,FALSE,FALSE,FALSE,
Default,G2FujaraTop-1,CNC_Flue1,finger holes,ICE,hole3_diameter@Sketch3@G2FujaraTop.Part,7.6200,0.3000,N/A,FALSE,FALSE,FALSE,
Default,G2FujaraTop-1,CNC_Flue1,finger holes,ICE,hole2_diameter@Sketch3@G2FujaraTop.Part,7.6200,0.3000,N/A,FALSE,FALSE,FALSE,
Default,G2FujaraTop-1,CNC_Flue1,finger holes,ICE,hole1_diameter@Sketch3@G2FujaraTop.Part,7.6200,0.3000,N/A,FALSE,FALSE,FALSE,
Default,G2FujaraTop-1,CNC_Flue1,finger holes,ICE,fipple_to_hole1@Sketch3@G2FujaraTop.Part,1157.2240,45.5600,N/A,FALSE,FALSE,FALSE,
Default,G2FujaraTop-1,CNC_Flue1,finger holes,ICE,fipple_to_hole2@Sketch3@G2FujaraTop.Part,1242.3140,48.9100,N/A,FALSE,FALSE,FALSE,
Default,G2FujaraTop-1,CNC_Flue1,finger holes,ICE,fipple_to_hole3@Sketch3@G2FujaraTop.Part,1412.4940,55.6100,N/A,FALSE,FALSE,FALSE,
Default,G2FujaraTop-1,CNC_Flue1,Sketch3,ProfileFeature,hole3_diameter@Sketch3@G2FujaraTop.Part,7.6200,0.3000,N/A,FALSE,FALSE,FALSE,
Default,G2FujaraTop-1,CNC_Flue1,Sketch3,ProfileFeature,hole2_diameter@Sketch3@G2FujaraTop.Part,7.6200,0.3000,N/A,FALSE,FALSE,FALSE,
Default,G2FujaraTop-1,CNC_Flue1,Sketch3,ProfileFeature,hole1_diameter@Sketch3@G2FujaraTop.Part,7.6200,0.3000,N/A,FALSE,FALSE,FALSE,
Default,G2FujaraTop-1,CNC_Flue1,Sketch3,ProfileFeature,fipple_to_hole1@Sketch3@G2FujaraTop.Part,1157.2240,45.5600,N/A,FALSE,FALSE,FALSE,
Default,G2FujaraTop-1,CNC_Flue1,Sketch3,ProfileFeature,fipple_to_hole2@Sketch3@G2FujaraTop.Part,1242.3140,48.9100,N/A,FALSE,FALSE,FALSE,
Default,G2FujaraTop-1,CNC_Flue1,Sketch3,ProfileFeature,fipple_to_hole3@Sketch3@G2FujaraTop.Part,1412.4940,55.6100,N/A,FALSE,FALSE,FALSE,
Default,G2FujaraTop-1,CNC_Flue1,Sketch9,ProfileFeature,fipple_height@Sketch9@G2FujaraTop.Part,0.2540,0.0100,N/A,FALSE,FALSE,FALSE,
Default,G2FujaraTop-1,CNC_Flue1,Sketch9,ProfileFeature,fipple_ramp_in@Sketch9@G2FujaraTop.Part,87.2665,3.4357,N/A,FALSE,FALSE,FALSE,
Default,G2FujaraTop-1,CNC_Flue1,fipple inside chamfer,ICE,fipple_height@Sketch9@G2FujaraTop.Part,0.2540,0.0100,N/A,FALSE,FALSE,FALSE,
Default,G2FujaraTop-1,CNC_Flue1,fipple inside chamfer,ICE,fipple_ramp_in@Sketch9@G2FujaraTop.Part,87.2665,3.4357,N/A,FALSE,FALSE,FALSE,
Default,G2FujaraTop-1,CNC_Flue1,Sketch9,ProfileFeature,fipple_height@Sketch9@G2FujaraTop.Part,0.2540,0.0100,N/A,FALSE,FALSE,FALSE,
Default,G2FujaraTop-1,CNC_Flue1,Sketch9,ProfileFeature,fipple_ramp_in@Sketch9@G2FujaraTop.Part,87.2665,3.4357,N/A,FALSE,FALSE,FALSE,
Default,G2FujaraTop-1,CNC_Flue1,Sketch8,ProfileFeature,flue_depth@Sketch8@G2FujaraTop.Part,0.8382,0.0330,N/A,FALSE,FALSE,FALSE,
Default,G2FujaraTop-1,CNC_Flue1,flue,ICE,flue_depth@Sketch8@G2FujaraTop.Part,0.8382,0.0330,N/A,FALSE,FALSE,FALSE,
Default,G2FujaraTop-1,CNC_Flue1,Sketch8,ProfileFeature,flue_depth@Sketch8@G2FujaraTop.Part,0.8382,0.0330,N/A,FALSE,FALSE,FALSE,
Default,G2FujaraTop-1,CNC_Flue1,Fillet1,Fillet,radius@Fillet1@G2FujaraTop.Part,0.3810,0.0150,N/A,FALSE,FALSE,FALSE,
Default,G2FujaraTop-1,CNC_Flue1,Sketch10,ProfileFeature,dowel_pin_diameter@Sketch10@G2FujaraTop.Part,6.3500,0.2500,N/A,TRUE,FALSE,FALSE,
Default,G2FujaraTop-1,CNC_Flue1,Sketch10,ProfileFeature,dowel_pin_location@Sketch10@G2FujaraTop.Part,15.8750,0.6250,N/A,FALSE,FALSE,FALSE,
Default,G2FujaraTop-1,CNC_Flue1,dowel pin hole,ICE,depth@dowel pin hole@G2FujaraTop.Part,15.2400,0.6000,N/A,FALSE,FALSE,FALSE,
Default,G2FujaraTop-1,CNC_Flue1,dowel pin hole,ICE,dowel_pin_diameter@Sketch10@G2FujaraTop.Part,6.3500,0.2500,N/A,TRUE,FALSE,FALSE,
Default,G2FujaraTop-1,CNC_Flue1,dowel pin hole,ICE,dowel_pin_location@Sketch10@G2FujaraTop.Part,15.8750,0.6250,N/A,FALSE,FALSE,FALSE,
Default,G2FujaraTop-1,CNC_Flue1,Sketch10,ProfileFeature,dowel_pin_diameter@Sketch10@G2FujaraTop.Part,6.3500,0.2500,N/A,TRUE,FALSE,FALSE,
Default,G2FujaraTop-1,CNC_Flue1,Sketch10,ProfileFeature,dowel_pin_location@Sketch10@G2FujaraTop.Part,15.8750,0.6250,N/A,FALSE,FALSE,FALSE,
Default,G2FujaraTop-1,CNC_Flue1,Chamfer1,Chamfer,D1@Chamfer1@G2FujaraTop.Part,16.7386,0.6590,N/A,FALSE,FALSE,FALSE,
Default,G2FujaraTop-1,CNC_Flue1,Chamfer1,Chamfer,D2@Chamfer1@G2FujaraTop.Part,785.3982,30.9212,N/A,FALSE,FALSE,FALSE,
Default,G2FujaraTop-1,CNC_Flue1,Sketch6,ProfileFeature,outer_diameter@Sketch6@G2FujaraTop.Part,47.6250,1.8750,N/A,TRUE,FALSE,FALSE,
Default,G2FujaraTop-1,CNC_Flue1,outside diameter,ICE,outer_diameter@Sketch6@G2FujaraTop.Part,47.6250,1.8750,N/A,TRUE,FALSE,FALSE,
Default,G2FujaraTop-1,CNC_Flue1,Sketch6,ProfileFeature,outer_diameter@Sketch6@G2FujaraTop.Part,47.6250,1.8750,N/A,TRUE,FALSE,FALSE,
Default,G2FujaraTop-1,CNC_Flue1,Sketch11,ProfileFeature,groove_width@Sketch11@G2FujaraTop.Part,3.1750,0.1250,N/A,FALSE,FALSE,FALSE,
Default,G2FujaraTop-1,CNC_Flue1,Sketch11,ProfileFeature,groove_depth@Sketch11@G2FujaraTop.Part,6.3500,0.2500,N/A,FALSE,FALSE,FALSE,
Default,G2FujaraTop-1,CNC_Flue1,Sketch11,ProfileFeature,groove_location@Sketch11@G2FujaraTop.Part,47.6250,1.8750,N/A,TRUE,FALSE,FALSE,
Default,G2FujaraTop-1,CNC_Flue1,Sketch11,ProfileFeature,finished_length@Sketch11@G2FujaraTop.Part,1755.7750,69.1250,N/A,TRUE,FALSE,FALSE,
Default,G2FujaraTop-1,CNC_Flue1,end length locator,RevCut,D1@end length locator@G2FujaraTop.Part,6283.1853,247.3695,N/A,FALSE,FALSE,FALSE,
Default,G2FujaraTop-1,CNC_Flue1,end length locator,RevCut,groove_width@Sketch11@G2FujaraTop.Part,3.1750,0.1250,N/A,FALSE,FALSE,FALSE,
Default,G2FujaraTop-1,CNC_Flue1,end length locator,RevCut,groove_depth@Sketch11@G2FujaraTop.Part,6.3500,0.2500,N/A,FALSE,FALSE,FALSE,
Default,G2FujaraTop-1,CNC_Flue1,end length locator,RevCut,groove_location@Sketch11@G2FujaraTop.Part,47.6250,1.8750,N/A,TRUE,FALSE,FALSE,
Default,G2FujaraTop-1,CNC_Flue1,end length locator,RevCut,finished_length@Sketch11@G2FujaraTop.Part,1755.7750,69.1250,N/A,TRUE,FALSE,FALSE,
Default,G2FujaraTop-1,CNC_Flue1,Sketch11,ProfileFeature,groove_width@Sketch11@G2FujaraTop.Part,3.1750,0.1250,N/A,FALSE,FALSE,FALSE,
Default,G2FujaraTop-1,CNC_Flue1,Sketch11,ProfileFeature,groove_depth@Sketch11@G2FujaraTop.Part,6.3500,0.2500,N/A,FALSE,FALSE,FALSE,
Default,G2FujaraTop-1,CNC_Flue1,Sketch11,ProfileFeature,groove_location@Sketch11@G2FujaraTop.Part,47.6250,1.8750,N/A,TRUE,FALSE,FALSE,
Default,G2FujaraTop-1,CNC_Flue1,Sketch11,ProfileFeature,finished_length@Sketch11@G2FujaraTop.Part,1755.7750,69.1250,N/A,TRUE,FALSE,FALSE,
Default,G2FujaraTop-1,CNC_Flue1,chamfer at foot,Chamfer,length@chamfer at foot@G2FujaraTop.Part,1.9050,0.0750,N/A,FALSE,FALSE,FALSE,
Default,G2FujaraTop-1,CNC_Flue1,chamfer at foot,Chamfer,angle@chamfer at foot@G2FujaraTop.Part,785.3982,30.9212,N/A,FALSE,FALSE,FALSE,
Default,G2FujaraTop-1,CNC_Flue1,[Equation 0],Equation,,,,,,,TRUE,"""g_body_OD""= 47.625mm"
Default,G2FujaraTop-1,CNC_Flue1,[Equation 1],Equation,,,,,,,TRUE,"""g_body_ID""= 31.75mm"
Default,G2FujaraTop-1,CNC_Flue1,[Equation 2],Equation,,,,,,,TRUE,"""g_body_L_finished""= 1755.775mm"
Default,G2FujaraTop-1,CNC_Flue1,[Equation 3],Equation,,,,,,,TRUE,"""g_body_L_blank""= 1803.4mm"
Default,G2FujaraTop-1,CNC_Flue1,[Equation 4],Equation,,,,,,,TRUE,"""g_body_blank_W""= 57.15mm"
Default,G2FujaraTop-1,CNC_Flue1,[Equation 5],Equation,,,,,,,TRUE,"""g_dowel_OD""= 6.35mm"
Default,G2FujaraTop-1,CNC_Flue1,[Equation 6],Equation,,,,,,,TRUE,"""g_thru_passage_OD""= 12.7mm"
Default,G2FujaraTop-1,CNC_Flue1,[Equation 7],Equation,,,,,,,TRUE,"""g_glue_glap""= 0.0762mm"
Default,G2FujaraTop-1,CNC_Flue1,[Equation 8],Equation,,,,,,,TRUE,"""c_dowel_clearance""= 0mm"
Default,G2FujaraTop-1,CNC_Flue1,[Equation 9],Equation,,,,,,,FALSE,"""thickness@wood block""= ""g_body_blank_W"" / 2"
Default,G2FujaraTop-1,CNC_Flue1,[Equation 10],Equation,,,,,,,FALSE,"""blank_length@Sketch1""= ""g_body_L_blank"""
Default,G2FujaraTop-1,CNC_Flue1,[Equation 11],Equation,,,,,,,FALSE,"""blank_width@Sketch1""= ""g_body_blank_W"""
Default,G2FujaraTop-1,CNC_Flue1,[Equation 12],Equation,,,,,,,FALSE,"""bore_inner_radius@Sketch2""= ""g_body_ID"" / 2"
Default,G2FujaraTop-1,CNC_Flue1,[Equation 13],Equation,,,,,,,FALSE,"""outer_diameter@Sketch6""= ""g_body_OD"""
Default,G2FujaraTop-1,CNC_Flue1,[Equation 14],Equation,,,,,,,FALSE,"""finished_length@Sketch11""= ""g_body_L_finished"""
Default,G2FujaraTop-1,CNC_Flue1,[Equation 15],Equation,,,,,,,FALSE,"""dowel_pin_diameter@Sketch10""= ""g_dowel_OD"" + ""c_dowel_clearance"""
Default,G2Fujara_MouthpieceTop-2,Default,Sketch1,ProfileFeature,blank_length@Sketch1@G2Fujara_MouthpieceTop.Part,735.5840,28.9600,N/A,TRUE,FALSE,FALSE,
Default,G2Fujara_MouthpieceTop-2,Default,Sketch1,ProfileFeature,blank_width@Sketch1@G2Fujara_MouthpieceTop.Part,38.1000,1.5000,N/A,TRUE,FALSE,FALSE,
Default,G2Fujara_MouthpieceTop-2,Default,wood block,Extrusion,thickness@wood block@G2Fujara_MouthpieceTop.Part,19.0500,0.7500,N/A,TRUE,FALSE,FALSE,
Default,G2Fujara_MouthpieceTop-2,Default,wood block,Extrusion,blank_length@Sketch1@G2Fujara_MouthpieceTop.Part,735.5840,28.9600,N/A,TRUE,FALSE,FALSE,
Default,G2Fujara_MouthpieceTop-2,Default,wood block,Extrusion,blank_width@Sketch1@G2Fujara_MouthpieceTop.Part,38.1000,1.5000,N/A,TRUE,FALSE,FALSE,
Default,G2Fujara_MouthpieceTop-2,Default,Sketch1,ProfileFeature,blank_length@Sketch1@G2Fujara_MouthpieceTop.Part,735.5840,28.9600,N/A,TRUE,FALSE,FALSE,
Default,G2Fujara_MouthpieceTop-2,Default,Sketch1,ProfileFeature,blank_width@Sketch1@G2Fujara_MouthpieceTop.Part,38.1000,1.5000,N/A,TRUE,FALSE,FALSE,
Default,G2Fujara_MouthpieceTop-2,Default,Sketch2,ProfileFeature,inner_diameter@Sketch2@G2Fujara_MouthpieceTop.Part,15.9512,0.6280,N/A,TRUE,FALSE,FALSE,
Default,G2Fujara_MouthpieceTop-2,Default,inner bore,ICE,inner_diameter@Sketch2@G2Fujara_MouthpieceTop.Part,15.9512,0.6280,N/A,TRUE,FALSE,FALSE,
Default,G2Fujara_MouthpieceTop-2,Default,Sketch2,ProfileFeature,inner_diameter@Sketch2@G2Fujara_MouthpieceTop.Part,15.9512,0.6280,N/A,TRUE,FALSE,FALSE,
Default,G2Fujara_MouthpieceTop-2,Default,Sketch3,ProfileFeature,mouthpiece_diameter@Sketch3@G2Fujara_MouthpieceTop.Part,12.7762,0.5030,N/A,TRUE,FALSE,FALSE,
Default,G2Fujara_MouthpieceTop-2,Default,Sketch3,ProfileFeature,mouthpiece_location@Sketch3@G2Fujara_MouthpieceTop.Part,22.2250,0.8750,N/A,FALSE,FALSE,FALSE,
Default,G2Fujara_MouthpieceTop-2,Default,mouthpiece through hole,ICE,mouthpiece_diameter@Sketch3@G2Fujara_MouthpieceTop.Part,12.7762,0.5030,N/A,TRUE,FALSE,FALSE,
Default,G2Fujara_MouthpieceTop-2,Default,mouthpiece through hole,ICE,mouthpiece_location@Sketch3@G2Fujara_MouthpieceTop.Part,22.2250,0.8750,N/A,FALSE,FALSE,FALSE,
Default,G2Fujara_MouthpieceTop-2,Default,Sketch3,ProfileFeature,mouthpiece_diameter@Sketch3@G2Fujara_MouthpieceTop.Part,12.7762,0.5030,N/A,TRUE,FALSE,FALSE,
Default,G2Fujara_MouthpieceTop-2,Default,Sketch3,ProfileFeature,mouthpiece_location@Sketch3@G2Fujara_MouthpieceTop.Part,22.2250,0.8750,N/A,FALSE,FALSE,FALSE,
Default,G2Fujara_MouthpieceTop-2,Default,Sketch5,ProfileFeature,counterbore_diameter@Sketch5@G2Fujara_MouthpieceTop.Part,16.2560,0.6400,N/A,TRUE,FALSE,FALSE,
Default,G2Fujara_MouthpieceTop-2,Default,counterbore,ICE,depth@counterbore@G2Fujara_MouthpieceTop.Part,5.5499,0.2185,N/A,FALSE,FALSE,FALSE,
Default,G2Fujara_MouthpieceTop-2,Default,counterbore,ICE,counterbore_diameter@Sketch5@G2Fujara_MouthpieceTop.Part,16.2560,0.6400,N/A,TRUE,FALSE,FALSE,
Default,G2Fujara_MouthpieceTop-2,Default,Sketch5,ProfileFeature,counterbore_diameter@Sketch5@G2Fujara_MouthpieceTop.Part,16.2560,0.6400,N/A,TRUE,FALSE,FALSE,
Default,G2Fujara_MouthpieceTop-2,Default,Sketch4,ProfileFeature,outer_diameter@Sketch4@G2Fujara_MouthpieceTop.Part,28.5750,1.1250,N/A,TRUE,FALSE,FALSE,
Default,G2Fujara_MouthpieceTop-2,Default,outer diameter,ICE,outer_diameter@Sketch4@G2Fujara_MouthpieceTop.Part,28.5750,1.1250,N/A,TRUE,FALSE,FALSE,
Default,G2Fujara_MouthpieceTop-2,Default,Sketch4,ProfileFeature,outer_diameter@Sketch4@G2Fujara_MouthpieceTop.Part,28.5750,1.1250,N/A,TRUE,FALSE,FALSE,
Default,G2Fujara_MouthpieceTop-2,Default,[Equation 0],Equation,,,,,,,TRUE,"""g_mp_block_OD""= 28.575mm"
Default,G2Fujara_MouthpieceTop-2,Default,[Equation 1],Equation,,,,,,,TRUE,"""g_mp_block_ID""= 15.875mm"
Default,G2Fujara_MouthpieceTop-2,Default,[Equation 2],Equation,,,,,,,TRUE,"""g_mp_block_L_blank""= 735.584mm"
Default,G2Fujara_MouthpieceTop-2,Default,[Equation 3],Equation,,,,,,,TRUE,"""g_mp_block_blank_W""= 38.1mm"
Default,G2Fujara_MouthpieceTop-2,Default,[Equation 4],Equation,,,,,,,TRUE,"""g_mp_tube_OD""= 15.875mm"
Default,G2Fujara_MouthpieceTop-2,Default,[Equation 5],Equation,,,,,,,TRUE,"""g_thru_passage_OD""= 12.7mm"
Default,G2Fujara_MouthpieceTop-2,Default,[Equation 6],Equation,,,,,,,TRUE,"""c_glue_gap""= 0.0762mm"
Default,G2Fujara_MouthpieceTop-2,Default,[Equation 7],Equation,,,,,,,TRUE,"""c_slip_fit""= 0.381mm"
Default,G2Fujara_MouthpieceTop-2,Default,[Equation 8],Equation,,,,,,,FALSE,"""thickness@wood block""= ""g_mp_block_blank_W"" / 2"
Default,G2Fujara_MouthpieceTop-2,Default,[Equation 9],Equation,,,,,,,FALSE,"""blank_length@Sketch1""= ""g_mp_block_L_blank"""
Default,G2Fujara_MouthpieceTop-2,Default,[Equation 10],Equation,,,,,,,FALSE,"""blank_width@Sketch1""= ""g_mp_block_blank_W"""
Default,G2Fujara_MouthpieceTop-2,Default,[Equation 11],Equation,,,,,,,FALSE,"""outer_diameter@Sketch4""= ""g_mp_block_OD"""
Default,G2Fujara_MouthpieceTop-2,Default,[Equation 12],Equation,,,,,,,FALSE,"""inner_diameter@Sketch2""= ""g_mp_block_ID"" + ""c_glue_gap"""
Default,G2Fujara_MouthpieceTop-2,Default,[Equation 13],Equation,,,,,,,FALSE,"""mouthpiece_diameter@Sketch3""= ""g_thru_passage_OD"" + ""c_glue_gap"""
Default,G2Fujara_MouthpieceTop-2,Default,[Equation 14],Equation,,,,,,,FALSE,"""counterbore_diameter@Sketch5""= ""g_mp_tube_OD"" + ""c_slip_fit"""
Default,mouthpiece-3,Default,Sketch2,ProfileFeature,mouthpiece_outer_diameter@Sketch2@mouthpiece.Part,15.8750,0.6250,N/A,FALSE,FALSE,FALSE,
Default,mouthpiece-3,Default,Sketch2,ProfileFeature,mouthpiece_inner_diameter@Sketch2@mouthpiece.Part,9.5250,0.3750,N/A,FALSE,FALSE,FALSE,
Default,mouthpiece-3,Default,tube,Extrusion,height@tube@mouthpiece.Part,50.8000,2.0000,N/A,FALSE,FALSE,FALSE,
Default,mouthpiece-3,Default,tube,Extrusion,mouthpiece_outer_diameter@Sketch2@mouthpiece.Part,15.8750,0.6250,N/A,FALSE,FALSE,FALSE,
Default,mouthpiece-3,Default,tube,Extrusion,mouthpiece_inner_diameter@Sketch2@mouthpiece.Part,9.5250,0.3750,N/A,FALSE,FALSE,FALSE,
Default,mouthpiece-3,Default,Sketch2,ProfileFeature,mouthpiece_outer_diameter@Sketch2@mouthpiece.Part,15.8750,0.6250,N/A,FALSE,FALSE,FALSE,
Default,mouthpiece-3,Default,Sketch2,ProfileFeature,mouthpiece_inner_diameter@Sketch2@mouthpiece.Part,9.5250,0.3750,N/A,FALSE,FALSE,FALSE,
Default,mouthpiece-3,Default,Chamfer1,Chamfer,size@Chamfer1@mouthpiece.Part,1.2700,0.0500,N/A,FALSE,FALSE,FALSE,
Default,mouthpiece-3,Default,Chamfer1,Chamfer,angle@Chamfer1@mouthpiece.Part,785.3982,30.9212,N/A,FALSE,FALSE,FALSE,
Default,mouthpiece-3,Default,Sketch3,ProfileFeature,mouthpiece_curved_cut@Sketch3@mouthpiece.Part,21.4548,0.8447,N/A,FALSE,FALSE,FALSE,
Default,mouthpiece-3,Default,curved_cut,ICE,mouthpiece_curved_cut@Sketch3@mouthpiece.Part,21.4548,0.8447,N/A,FALSE,FALSE,FALSE,
Default,mouthpiece-3,Default,Sketch3,ProfileFeature,mouthpiece_curved_cut@Sketch3@mouthpiece.Part,21.4548,0.8447,N/A,FALSE,FALSE,FALSE,
Default,G2FujaraFluePlug-1,CNC_Flue1,Sketch1,ProfileFeature,flue_plug_width@Sketch1@G2FujaraFluePlug.Part,12.6238,0.4970,N/A,FALSE,FALSE,FALSE,
Default,G2FujaraFluePlug-1,CNC_Flue1,Sketch1,ProfileFeature,flue_plug_length@Sketch1@G2FujaraFluePlug.Part,53.9750,2.1250,N/A,FALSE,FALSE,FALSE,
Default,G2FujaraFluePlug-1,CNC_Flue1,blank,Extrusion,thickness@blank@G2FujaraFluePlug.Part,5.0800,0.2000,N/A,FALSE,FALSE,FALSE,
Default,G2FujaraFluePlug-1,CNC_Flue1,blank,Extrusion,flue_plug_width@Sketch1@G2FujaraFluePlug.Part,12.6238,0.4970,N/A,FALSE,FALSE,FALSE,
Default,G2FujaraFluePlug-1,CNC_Flue1,blank,Extrusion,flue_plug_length@Sketch1@G2FujaraFluePlug.Part,53.9750,2.1250,N/A,FALSE,FALSE,FALSE,
Default,G2FujaraFluePlug-1,CNC_Flue1,Sketch1,ProfileFeature,flue_plug_width@Sketch1@G2FujaraFluePlug.Part,12.6238,0.4970,N/A,FALSE,FALSE,FALSE,
Default,G2FujaraFluePlug-1,CNC_Flue1,Sketch1,ProfileFeature,flue_plug_length@Sketch1@G2FujaraFluePlug.Part,53.9750,2.1250,N/A,FALSE,FALSE,FALSE,
Default,G2FujaraFluePlug-1,CNC_Flue1,Sketch2,ProfileFeature,slot_radius@Sketch2@G2FujaraFluePlug.Part,5.0800,0.2000,N/A,FALSE,FALSE,FALSE,
Default,G2FujaraFluePlug-1,CNC_Flue1,Sketch2,ProfileFeature,slot_location@Sketch2@G2FujaraFluePlug.Part,22.2250,0.8750,N/A,FALSE,FALSE,FALSE,
Default,G2FujaraFluePlug-1,CNC_Flue1,slot,ICE,flue_height@slot@G2FujaraFluePlug.Part,1.0160,0.0400,N/A,FALSE,FALSE,FALSE,
Default,G2FujaraFluePlug-1,CNC_Flue1,slot,ICE,slot_radius@Sketch2@G2FujaraFluePlug.Part,5.0800,0.2000,N/A,FALSE,FALSE,FALSE,
Default,G2FujaraFluePlug-1,CNC_Flue1,slot,ICE,slot_location@Sketch2@G2FujaraFluePlug.Part,22.2250,0.8750,N/A,FALSE,FALSE,FALSE,
Default,G2FujaraFluePlug-1,CNC_Flue1,Sketch2,ProfileFeature,slot_radius@Sketch2@G2FujaraFluePlug.Part,5.0800,0.2000,N/A,FALSE,FALSE,FALSE,
Default,G2FujaraFluePlug-1,CNC_Flue1,Sketch2,ProfileFeature,slot_location@Sketch2@G2FujaraFluePlug.Part,22.2250,0.8750,N/A,FALSE,FALSE,FALSE,
Default,G2FujaraFluePlug-1,CNC_Flue1,Sketch3,ProfileFeature,airway_passage@Sketch3@G2FujaraFluePlug.Part,9.5250,0.3750,N/A,FALSE,FALSE,FALSE,
Default,G2FujaraFluePlug-1,CNC_Flue1,Sketch3,ProfileFeature,D1@Sketch3@G2FujaraFluePlug.Part,22.2250,0.8750,N/A,TRUE,FALSE,FALSE,
Default,G2FujaraFluePlug-1,CNC_Flue1,through_hole,ICE,airway_passage@Sketch3@G2FujaraFluePlug.Part,9.5250,0.3750,N/A,FALSE,FALSE,FALSE,
Default,G2FujaraFluePlug-1,CNC_Flue1,through_hole,ICE,D1@Sketch3@G2FujaraFluePlug.Part,22.2250,0.8750,N/A,TRUE,FALSE,FALSE,
Default,G2FujaraFluePlug-1,CNC_Flue1,Sketch3,ProfileFeature,airway_passage@Sketch3@G2FujaraFluePlug.Part,9.5250,0.3750,N/A,FALSE,FALSE,FALSE,
Default,G2FujaraFluePlug-1,CNC_Flue1,Sketch3,ProfileFeature,D1@Sketch3@G2FujaraFluePlug.Part,22.2250,0.8750,N/A,TRUE,FALSE,FALSE,
Default,G2FujaraFluePlug-1,CNC_Flue1,Fillet1,Fillet,radius@Fillet1@G2FujaraFluePlug.Part,0.3810,0.0150,N/A,FALSE,FALSE,FALSE,
Default,G2FujaraFluePlug-1,CNC_Flue1,Move Face1,MoveFace,D1@Move Face1@G2FujaraFluePlug.Part,11.9888,0.4720,N/A,FALSE,FALSE,FALSE,
Default,G2FujaraFluePlug-1,CNC_Flue1,Plane1,RefPlane,D1@Plane1@G2FujaraFluePlug.Part,27.9400,1.1000,N/A,FALSE,FALSE,FALSE,
Default,G2FujaraFluePlug-1,CNC_Flue1,Sketch9,ProfileFeature,D1@Plane1@G2FujaraFluePlug.Part,27.9400,1.1000,N/A,FALSE,FALSE,FALSE,
Default,G2FujaraFluePlug-1,CNC_Flue1,Sketch9,ProfileFeature,D1@Sketch9@G2FujaraFluePlug.Part,0.2540,0.0100,N/A,FALSE,FALSE,FALSE,
Default,G2FujaraFluePlug-1,CNC_Flue1,Cut-Sweep1,SweepCut,D1@Plane1@G2FujaraFluePlug.Part,27.9400,1.1000,N/A,FALSE,FALSE,FALSE,
Default,G2FujaraFluePlug-1,CNC_Flue1,Cut-Sweep1,SweepCut,D1@Sketch9@G2FujaraFluePlug.Part,0.2540,0.0100,N/A,FALSE,FALSE,FALSE,
Default,G2FujaraFluePlug-1,CNC_Flue1,Sketch9,ProfileFeature,D1@Plane1@G2FujaraFluePlug.Part,27.9400,1.1000,N/A,FALSE,FALSE,FALSE,
Default,G2FujaraFluePlug-1,CNC_Flue1,Sketch9,ProfileFeature,D1@Sketch9@G2FujaraFluePlug.Part,0.2540,0.0100,N/A,FALSE,FALSE,FALSE,
Default,G2FujaraFluePlug-1,CNC_Flue1,Fillet2,Fillet,D1@Fillet2@G2FujaraFluePlug.Part,0.2540,0.0100,N/A,FALSE,FALSE,FALSE,
Default,G2Fujara_MouthpieceBottom-1,Default,Sketch1,ProfileFeature,blank_length@Sketch1@G2Fujara_MouthpieceBottom.Part,735.5840,28.9600,N/A,TRUE,FALSE,FALSE,
Default,G2Fujara_MouthpieceBottom-1,Default,Sketch1,ProfileFeature,blank_width@Sketch1@G2Fujara_MouthpieceBottom.Part,38.1000,1.5000,N/A,TRUE,FALSE,FALSE,
Default,G2Fujara_MouthpieceBottom-1,Default,wood block,Extrusion,thickness@wood block@G2Fujara_MouthpieceBottom.Part,19.0500,0.7500,N/A,TRUE,FALSE,FALSE,
Default,G2Fujara_MouthpieceBottom-1,Default,wood block,Extrusion,blank_length@Sketch1@G2Fujara_MouthpieceBottom.Part,735.5840,28.9600,N/A,TRUE,FALSE,FALSE,
Default,G2Fujara_MouthpieceBottom-1,Default,wood block,Extrusion,blank_width@Sketch1@G2Fujara_MouthpieceBottom.Part,38.1000,1.5000,N/A,TRUE,FALSE,FALSE,
Default,G2Fujara_MouthpieceBottom-1,Default,Sketch1,ProfileFeature,blank_length@Sketch1@G2Fujara_MouthpieceBottom.Part,735.5840,28.9600,N/A,TRUE,FALSE,FALSE,
Default,G2Fujara_MouthpieceBottom-1,Default,Sketch1,ProfileFeature,blank_width@Sketch1@G2Fujara_MouthpieceBottom.Part,38.1000,1.5000,N/A,TRUE,FALSE,FALSE,
Default,G2Fujara_MouthpieceBottom-1,Default,Sketch2,ProfileFeature,inner_diameter@Sketch2@G2Fujara_MouthpieceBottom.Part,15.9512,0.6280,N/A,TRUE,FALSE,FALSE,
Default,G2Fujara_MouthpieceBottom-1,Default,inner bore,ICE,inner_diameter@Sketch2@G2Fujara_MouthpieceBottom.Part,15.9512,0.6280,N/A,TRUE,FALSE,FALSE,
Default,G2Fujara_MouthpieceBottom-1,Default,Sketch2,ProfileFeature,inner_diameter@Sketch2@G2Fujara_MouthpieceBottom.Part,15.9512,0.6280,N/A,TRUE,FALSE,FALSE,
Default,G2Fujara_MouthpieceBottom-1,Default,Sketch3,ProfileFeature,mouthpiece_through_hole@Sketch3@G2Fujara_MouthpieceBottom.Part,12.7762,0.5030,N/A,TRUE,FALSE,FALSE,
Default,G2Fujara_MouthpieceBottom-1,Default,Sketch3,ProfileFeature,mouthpiece_location@Sketch3@G2Fujara_MouthpieceBottom.Part,22.2250,0.8750,N/A,FALSE,FALSE,FALSE,
Default,G2Fujara_MouthpieceBottom-1,Default,mouthpiece through hole,ICE,mouthpiece_through_hole@Sketch3@G2Fujara_MouthpieceBottom.Part,12.7762,0.5030,N/A,TRUE,FALSE,FALSE,
Default,G2Fujara_MouthpieceBottom-1,Default,mouthpiece through hole,ICE,mouthpiece_location@Sketch3@G2Fujara_MouthpieceBottom.Part,22.2250,0.8750,N/A,FALSE,FALSE,FALSE,
Default,G2Fujara_MouthpieceBottom-1,Default,Sketch3,ProfileFeature,mouthpiece_through_hole@Sketch3@G2Fujara_MouthpieceBottom.Part,12.7762,0.5030,N/A,TRUE,FALSE,FALSE,
Default,G2Fujara_MouthpieceBottom-1,Default,Sketch3,ProfileFeature,mouthpiece_location@Sketch3@G2Fujara_MouthpieceBottom.Part,22.2250,0.8750,N/A,FALSE,FALSE,FALSE,
Default,G2Fujara_MouthpieceBottom-1,Default,Sketch5,ProfileFeature,tube_diameter@Sketch5@G2Fujara_MouthpieceBottom.Part,16.2560,0.6400,N/A,FALSE,FALSE,FALSE,
Default,G2Fujara_MouthpieceBottom-1,Default,counterbore,ICE,depth@counterbore@G2Fujara_MouthpieceBottom.Part,8.8900,0.3500,N/A,FALSE,FALSE,FALSE,
Default,G2Fujara_MouthpieceBottom-1,Default,counterbore,ICE,tube_diameter@Sketch5@G2Fujara_MouthpieceBottom.Part,16.2560,0.6400,N/A,FALSE,FALSE,FALSE,
Default,G2Fujara_MouthpieceBottom-1,Default,Sketch5,ProfileFeature,tube_diameter@Sketch5@G2Fujara_MouthpieceBottom.Part,16.2560,0.6400,N/A,FALSE,FALSE,FALSE,
Default,G2Fujara_MouthpieceBottom-1,Default,Sketch4,ProfileFeature,outer_diameter@Sketch4@G2Fujara_MouthpieceBottom.Part,28.5750,1.1250,N/A,TRUE,FALSE,FALSE,
Default,G2Fujara_MouthpieceBottom-1,Default,outer diameter,ICE,outer_diameter@Sketch4@G2Fujara_MouthpieceBottom.Part,28.5750,1.1250,N/A,TRUE,FALSE,FALSE,
Default,G2Fujara_MouthpieceBottom-1,Default,Sketch4,ProfileFeature,outer_diameter@Sketch4@G2Fujara_MouthpieceBottom.Part,28.5750,1.1250,N/A,TRUE,FALSE,FALSE,
Default,G2Fujara_MouthpieceBottom-1,Default,[Equation 0],Equation,,,,,,,TRUE,"""g_mp_block_OD""= 28.575mm"
Default,G2Fujara_MouthpieceBottom-1,Default,[Equation 1],Equation,,,,,,,TRUE,"""g_mp_block_ID""= 15.875mm"
Default,G2Fujara_MouthpieceBottom-1,Default,[Equation 2],Equation,,,,,,,TRUE,"""g_mp_block_L_blank""= 735.584mm"
Default,G2Fujara_MouthpieceBottom-1,Default,[Equation 3],Equation,,,,,,,TRUE,"""g_mp_block_blank_W""= 38.1mm"
Default,G2Fujara_MouthpieceBottom-1,Default,[Equation 4],Equation,,,,,,,TRUE,"""g_mp_tube_OD""= 15.875mm"
Default,G2Fujara_MouthpieceBottom-1,Default,[Equation 5],Equation,,,,,,,TRUE,"""g_thru_passage_OD""= 12.7mm"
Default,G2Fujara_MouthpieceBottom-1,Default,[Equation 6],Equation,,,,,,,TRUE,"""c_glue_gap""= 0.0762mm"
Default,G2Fujara_MouthpieceBottom-1,Default,[Equation 7],Equation,,,,,,,TRUE,"""g_slip_fit""= 0.381mm"
Default,G2Fujara_MouthpieceBottom-1,Default,[Equation 8],Equation,,,,,,,FALSE,"""thickness@wood block""= ""g_mp_block_blank_W"" / 2"
Default,G2Fujara_MouthpieceBottom-1,Default,[Equation 9],Equation,,,,,,,FALSE,"""blank_length@Sketch1""= ""g_mp_block_L_blank"""
Default,G2Fujara_MouthpieceBottom-1,Default,[Equation 10],Equation,,,,,,,FALSE,"""blank_width@Sketch1""= ""g_mp_block_blank_W"""
Default,G2Fujara_MouthpieceBottom-1,Default,[Equation 11],Equation,,,,,,,FALSE,"""outer_diameter@Sketch4""= ""g_mp_block_OD"""
Default,G2Fujara_MouthpieceBottom-1,Default,[Equation 12],Equation,,,,,,,FALSE,"""inner_diameter@Sketch2""= ""g_mp_block_ID"" + ""c_glue_gap"""
Default,G2Fujara_MouthpieceBottom-1,Default,[Equation 13],Equation,,,,,,,FALSE,"""mouthpiece_through_hole@Sketch3""= ""g_thru_passage_OD"" + ""c_glue_gap"""
Default,toptube-3,Default,Sketch2,ProfileFeature,tube_od@Sketch2@toptube.Part,15.8750,0.6250,N/A,FALSE,FALSE,FALSE,
Default,toptube-3,Default,Sketch2,ProfileFeature,tube_id@Sketch2@toptube.Part,9.5250,0.3750,N/A,FALSE,FALSE,FALSE,
Default,toptube-3,Default,tube,Extrusion,height@tube@toptube.Part,15.8750,0.6250,N/A,FALSE,FALSE,FALSE,
Default,toptube-3,Default,tube,Extrusion,tube_od@Sketch2@toptube.Part,15.8750,0.6250,N/A,FALSE,FALSE,FALSE,
Default,toptube-3,Default,tube,Extrusion,tube_id@Sketch2@toptube.Part,9.5250,0.3750,N/A,FALSE,FALSE,FALSE,
Default,toptube-3,Default,Sketch2,ProfileFeature,tube_od@Sketch2@toptube.Part,15.8750,0.6250,N/A,FALSE,FALSE,FALSE,
Default,toptube-3,Default,Sketch2,ProfileFeature,tube_id@Sketch2@toptube.Part,9.5250,0.3750,N/A,FALSE,FALSE,FALSE,
Default,toptube-3,Default,Chamfer1,Chamfer,size@Chamfer1@toptube.Part,1.2700,0.0500,N/A,FALSE,FALSE,FALSE,
Default,toptube-3,Default,Chamfer1,Chamfer,angle@Chamfer1@toptube.Part,785.3982,30.9212,N/A,FALSE,FALSE,FALSE,
Default,FujaraBottomG2-1,CNC_Flue1,Sketch1,ProfileFeature,blank_length@Sketch1@FujaraBottomG2.Part,1803.4000,71.0000,N/A,TRUE,FALSE,FALSE,
Default,FujaraBottomG2-1,CNC_Flue1,Sketch1,ProfileFeature,blank_width@Sketch1@FujaraBottomG2.Part,57.1500,2.2500,N/A,TRUE,FALSE,FALSE,
Default,FujaraBottomG2-1,CNC_Flue1,wood block,Extrusion,thickness@wood block@FujaraBottomG2.Part,28.5750,1.1250,N/A,TRUE,FALSE,FALSE,
Default,FujaraBottomG2-1,CNC_Flue1,wood block,Extrusion,blank_length@Sketch1@FujaraBottomG2.Part,1803.4000,71.0000,N/A,TRUE,FALSE,FALSE,
Default,FujaraBottomG2-1,CNC_Flue1,wood block,Extrusion,blank_width@Sketch1@FujaraBottomG2.Part,57.1500,2.2500,N/A,TRUE,FALSE,FALSE,
Default,FujaraBottomG2-1,CNC_Flue1,Sketch1,ProfileFeature,blank_length@Sketch1@FujaraBottomG2.Part,1803.4000,71.0000,N/A,TRUE,FALSE,FALSE,
Default,FujaraBottomG2-1,CNC_Flue1,Sketch1,ProfileFeature,blank_width@Sketch1@FujaraBottomG2.Part,57.1500,2.2500,N/A,TRUE,FALSE,FALSE,
Default,FujaraBottomG2-1,CNC_Flue1,Sketch2,ProfileFeature,inner_bore_radius@Sketch2@FujaraBottomG2.Part,15.8750,0.6250,N/A,TRUE,FALSE,FALSE,
Default,FujaraBottomG2-1,CNC_Flue1,Sketch2,ProfileFeature,finished_length@Sketch2@FujaraBottomG2.Part,1755.7750,69.1250,N/A,FALSE,FALSE,FALSE,
Default,FujaraBottomG2-1,CNC_Flue1,inner bore,RevCut,D1@inner bore@FujaraBottomG2.Part,6283.1853,247.3695,N/A,FALSE,FALSE,FALSE,
Default,FujaraBottomG2-1,CNC_Flue1,inner bore,RevCut,inner_bore_radius@Sketch2@FujaraBottomG2.Part,15.8750,0.6250,N/A,TRUE,FALSE,FALSE,
Default,FujaraBottomG2-1,CNC_Flue1,inner bore,RevCut,finished_length@Sketch2@FujaraBottomG2.Part,1755.7750,69.1250,N/A,FALSE,FALSE,FALSE,
Default,FujaraBottomG2-1,CNC_Flue1,Sketch2,ProfileFeature,inner_bore_radius@Sketch2@FujaraBottomG2.Part,15.8750,0.6250,N/A,TRUE,FALSE,FALSE,
Default,FujaraBottomG2-1,CNC_Flue1,Sketch2,ProfileFeature,finished_length@Sketch2@FujaraBottomG2.Part,1755.7750,69.1250,N/A,FALSE,FALSE,FALSE,
Default,FujaraBottomG2-1,CNC_Flue1,Sketch9,ProfileFeature,flange_foot_recess@Sketch9@FujaraBottomG2.Part,10.5410,0.4150,N/A,FALSE,FALSE,FALSE,
Default,FujaraBottomG2-1,CNC_Flue1,Sketch9,ProfileFeature,finished_length@Sketch9@FujaraBottomG2.Part,1755.7750,69.1250,N/A,FALSE,FALSE,FALSE,
Default,FujaraBottomG2-1,CNC_Flue1,Sketch9,ProfileFeature,flange_counterbore_radius@Sketch9@FujaraBottomG2.Part,19.5580,0.7700,N/A,FALSE,FALSE,FALSE,
Default,FujaraBottomG2-1,CNC_Flue1,flanged foot relief,RevCut,D1@flanged foot relief@FujaraBottomG2.Part,6283.1853,247.3695,N/A,FALSE,FALSE,FALSE,
Default,FujaraBottomG2-1,CNC_Flue1,flanged foot relief,RevCut,flange_foot_recess@Sketch9@FujaraBottomG2.Part,10.5410,0.4150,N/A,FALSE,FALSE,FALSE,
Default,FujaraBottomG2-1,CNC_Flue1,flanged foot relief,RevCut,finished_length@Sketch9@FujaraBottomG2.Part,1755.7750,69.1250,N/A,FALSE,FALSE,FALSE,
Default,FujaraBottomG2-1,CNC_Flue1,flanged foot relief,RevCut,flange_counterbore_radius@Sketch9@FujaraBottomG2.Part,19.5580,0.7700,N/A,FALSE,FALSE,FALSE,
Default,FujaraBottomG2-1,CNC_Flue1,Sketch9,ProfileFeature,flange_foot_recess@Sketch9@FujaraBottomG2.Part,10.5410,0.4150,N/A,FALSE,FALSE,FALSE,
Default,FujaraBottomG2-1,CNC_Flue1,Sketch9,ProfileFeature,finished_length@Sketch9@FujaraBottomG2.Part,1755.7750,69.1250,N/A,FALSE,FALSE,FALSE,
Default,FujaraBottomG2-1,CNC_Flue1,Sketch9,ProfileFeature,flange_counterbore_radius@Sketch9@FujaraBottomG2.Part,19.5580,0.7700,N/A,FALSE,FALSE,FALSE,
Default,FujaraBottomG2-1,CNC_Flue1,Boss-Extrude1,ICE,D1@Boss-Extrude1@FujaraBottomG2.Part,53.9750,2.1250,N/A,FALSE,FALSE,FALSE,
Default,FujaraBottomG2-1,CNC_Flue1,Fillet1,Fillet,D1@Fillet1@FujaraBottomG2.Part,3.1750,0.1250,N/A,FALSE,FALSE,FALSE,
Default,FujaraBottomG2-1,CNC_Flue1,Sketch5,ProfileFeature,mouthpiece_hole@Sketch5@FujaraBottomG2.Part,12.7762,0.5030,N/A,TRUE,FALSE,FALSE,
Default,FujaraBottomG2-1,CNC_Flue1,Sketch5,ProfileFeature,mouthpiece_location@Sketch5@FujaraBottomG2.Part,22.2250,0.8750,N/A,FALSE,FALSE,FALSE,
Default,FujaraBottomG2-1,CNC_Flue1,mouthpiece hole,ICE,D1@mouthpiece hole@FujaraBottomG2.Part,21.5900,0.8500,N/A,FALSE,FALSE,FALSE,
Default,FujaraBottomG2-1,CNC_Flue1,mouthpiece hole,ICE,mouthpiece_hole@Sketch5@FujaraBottomG2.Part,12.7762,0.5030,N/A,TRUE,FALSE,FALSE,
Default,FujaraBottomG2-1,CNC_Flue1,mouthpiece hole,ICE,mouthpiece_location@Sketch5@FujaraBottomG2.Part,22.2250,0.8750,N/A,FALSE,FALSE,FALSE,
Default,FujaraBottomG2-1,CNC_Flue1,Sketch5,ProfileFeature,mouthpiece_hole@Sketch5@FujaraBottomG2.Part,12.7762,0.5030,N/A,TRUE,FALSE,FALSE,
Default,FujaraBottomG2-1,CNC_Flue1,Sketch5,ProfileFeature,mouthpiece_location@Sketch5@FujaraBottomG2.Part,22.2250,0.8750,N/A,FALSE,FALSE,FALSE,
Default,FujaraBottomG2-1,CNC_Flue1,Sketch6,ProfileFeature,dowel_pin_diameter@Sketch6@FujaraBottomG2.Part,6.3500,0.2500,N/A,TRUE,FALSE,FALSE,
Default,FujaraBottomG2-1,CNC_Flue1,Sketch6,ProfileFeature,dowel_pin_location@Sketch6@FujaraBottomG2.Part,15.8750,0.6250,N/A,FALSE,FALSE,FALSE,
Default,FujaraBottomG2-1,CNC_Flue1,dowel pin hole,ICE,depth@dowel pin hole@FujaraBottomG2.Part,15.2400,0.6000,N/A,FALSE,FALSE,FALSE,
Default,FujaraBottomG2-1,CNC_Flue1,dowel pin hole,ICE,dowel_pin_diameter@Sketch6@FujaraBottomG2.Part,6.3500,0.2500,N/A,TRUE,FALSE,FALSE,
Default,FujaraBottomG2-1,CNC_Flue1,dowel pin hole,ICE,dowel_pin_location@Sketch6@FujaraBottomG2.Part,15.8750,0.6250,N/A,FALSE,FALSE,FALSE,
Default,FujaraBottomG2-1,CNC_Flue1,Sketch6,ProfileFeature,dowel_pin_diameter@Sketch6@FujaraBottomG2.Part,6.3500,0.2500,N/A,TRUE,FALSE,FALSE,
Default,FujaraBottomG2-1,CNC_Flue1,Sketch6,ProfileFeature,dowel_pin_location@Sketch6@FujaraBottomG2.Part,15.8750,0.6250,N/A,FALSE,FALSE,FALSE,
Default,FujaraBottomG2-1,CNC_Flue1,Sketch8,ProfileFeature,tube_diameter@Sketch8@FujaraBottomG2.Part,16.2560,0.6400,N/A,TRUE,FALSE,FALSE,
Default,FujaraBottomG2-1,CNC_Flue1,Sketch8,ProfileFeature,bracket_length@Sketch8@FujaraBottomG2.Part,691.1340,27.2100,N/A,FALSE,FALSE,FALSE,
Default,FujaraBottomG2-1,CNC_Flue1,mounting holes,ICE,counter_bore_depth@mounting holes@FujaraBottomG2.Part,10.3124,0.4060,N/A,FALSE,FALSE,FALSE,
Default,FujaraBottomG2-1,CNC_Flue1,mounting holes,ICE,tube_diameter@Sketch8@FujaraBottomG2.Part,16.2560,0.6400,N/A,TRUE,FALSE,FALSE,
Default,FujaraBottomG2-1,CNC_Flue1,mounting holes,ICE,bracket_length@Sketch8@FujaraBottomG2.Part,691.1340,27.2100,N/A,FALSE,FALSE,FALSE,
Default,FujaraBottomG2-1,CNC_Flue1,Sketch8,ProfileFeature,tube_diameter@Sketch8@FujaraBottomG2.Part,16.2560,0.6400,N/A,TRUE,FALSE,FALSE,
Default,FujaraBottomG2-1,CNC_Flue1,Sketch8,ProfileFeature,bracket_length@Sketch8@FujaraBottomG2.Part,691.1340,27.2100,N/A,FALSE,FALSE,FALSE,
Default,FujaraBottomG2-1,CNC_Flue1,Chamfer1,Chamfer,size@Chamfer1@FujaraBottomG2.Part,16.7386,0.6590,N/A,FALSE,FALSE,FALSE,
Default,FujaraBottomG2-1,CNC_Flue1,Chamfer1,Chamfer,angle@Chamfer1@FujaraBottomG2.Part,785.3982,30.9212,N/A,FALSE,FALSE,FALSE,
Default,FujaraBottomG2-1,CNC_Flue1,Sketch3,ProfileFeature,outer_diameter@Sketch3@FujaraBottomG2.Part,47.6250,1.8750,N/A,TRUE,FALSE,FALSE,
Default,FujaraBottomG2-1,CNC_Flue1,outer diameter,ICE,outer_diameter@Sketch3@FujaraBottomG2.Part,47.6250,1.8750,N/A,TRUE,FALSE,FALSE,
Default,FujaraBottomG2-1,CNC_Flue1,Sketch3,ProfileFeature,outer_diameter@Sketch3@FujaraBottomG2.Part,47.6250,1.8750,N/A,TRUE,FALSE,FALSE,
Default,FujaraBottomG2-1,CNC_Flue1,Sketch7,ProfileFeature,groove_width@Sketch7@FujaraBottomG2.Part,3.1750,0.1250,N/A,FALSE,FALSE,FALSE,
Default,FujaraBottomG2-1,CNC_Flue1,Sketch7,ProfileFeature,groove_depth@Sketch7@FujaraBottomG2.Part,6.3500,0.2500,N/A,FALSE,FALSE,FALSE,
Default,FujaraBottomG2-1,CNC_Flue1,Sketch7,ProfileFeature,groove_location@Sketch7@FujaraBottomG2.Part,47.6250,1.8750,N/A,TRUE,FALSE,FALSE,
Default,FujaraBottomG2-1,CNC_Flue1,Sketch7,ProfileFeature,finished_length@Sketch7@FujaraBottomG2.Part,1755.7750,69.1250,N/A,TRUE,FALSE,FALSE,
Default,FujaraBottomG2-1,CNC_Flue1,end length locator,RevCut,D1@end length locator@FujaraBottomG2.Part,6283.1853,247.3695,N/A,FALSE,FALSE,FALSE,
Default,FujaraBottomG2-1,CNC_Flue1,end length locator,RevCut,groove_width@Sketch7@FujaraBottomG2.Part,3.1750,0.1250,N/A,FALSE,FALSE,FALSE,
Default,FujaraBottomG2-1,CNC_Flue1,end length locator,RevCut,groove_depth@Sketch7@FujaraBottomG2.Part,6.3500,0.2500,N/A,FALSE,FALSE,FALSE,
Default,FujaraBottomG2-1,CNC_Flue1,end length locator,RevCut,groove_location@Sketch7@FujaraBottomG2.Part,47.6250,1.8750,N/A,TRUE,FALSE,FALSE,
Default,FujaraBottomG2-1,CNC_Flue1,end length locator,RevCut,finished_length@Sketch7@FujaraBottomG2.Part,1755.7750,69.1250,N/A,TRUE,FALSE,FALSE,
Default,FujaraBottomG2-1,CNC_Flue1,Sketch7,ProfileFeature,groove_width@Sketch7@FujaraBottomG2.Part,3.1750,0.1250,N/A,FALSE,FALSE,FALSE,
Default,FujaraBottomG2-1,CNC_Flue1,Sketch7,ProfileFeature,groove_depth@Sketch7@FujaraBottomG2.Part,6.3500,0.2500,N/A,FALSE,FALSE,FALSE,
Default,FujaraBottomG2-1,CNC_Flue1,Sketch7,ProfileFeature,groove_location@Sketch7@FujaraBottomG2.Part,47.6250,1.8750,N/A,TRUE,FALSE,FALSE,
Default,FujaraBottomG2-1,CNC_Flue1,Sketch7,ProfileFeature,finished_length@Sketch7@FujaraBottomG2.Part,1755.7750,69.1250,N/A,TRUE,FALSE,FALSE,
Default,FujaraBottomG2-1,CNC_Flue1,Chamfer at foot,Chamfer,length@Chamfer at foot@FujaraBottomG2.Part,1.9050,0.0750,N/A,FALSE,FALSE,FALSE,
Default,FujaraBottomG2-1,CNC_Flue1,Chamfer at foot,Chamfer,angle@Chamfer at foot@FujaraBottomG2.Part,785.3982,30.9212,N/A,FALSE,FALSE,FALSE,
Default,FujaraBottomG2-1,CNC_Flue1,[Equation 0],Equation,,,,,,,TRUE,"""g_body_OD""= 47.625mm"
Default,FujaraBottomG2-1,CNC_Flue1,[Equation 1],Equation,,,,,,,TRUE,"""g_body_ID""= 31.75mm"
Default,FujaraBottomG2-1,CNC_Flue1,[Equation 2],Equation,,,,,,,TRUE,"""g_body_L_finished""= 1755.775mm"
Default,FujaraBottomG2-1,CNC_Flue1,[Equation 3],Equation,,,,,,,TRUE,"""g_body_L_blank""= 1803.4mm"
Default,FujaraBottomG2-1,CNC_Flue1,[Equation 4],Equation,,,,,,,TRUE,"""g_body_blank_W""= 57.15mm"
Default,FujaraBottomG2-1,CNC_Flue1,[Equation 5],Equation,,,,,,,TRUE,"""g_dowel_OD""= 6.35mm"
Default,FujaraBottomG2-1,CNC_Flue1,[Equation 6],Equation,,,,,,,TRUE,"""g_thru_passage_OD""= 12.7mm"
Default,FujaraBottomG2-1,CNC_Flue1,[Equation 7],Equation,,,,,,,TRUE,"""g_mp_tube_OD""= 15.875mm"
Default,FujaraBottomG2-1,CNC_Flue1,[Equation 8],Equation,,,,,,,TRUE,"""c_glue_gap""= 0.0762mm"
Default,FujaraBottomG2-1,CNC_Flue1,[Equation 9],Equation,,,,,,,TRUE,"""c_slip_fit""= 0.381mm"
Default,FujaraBottomG2-1,CNC_Flue1,[Equation 10],Equation,,,,,,,TRUE,"""c_dowel_clearance""= 0mm"
Default,FujaraBottomG2-1,CNC_Flue1,[Equation 11],Equation,,,,,,,FALSE,"""thickness@wood block""= ""g_body_blank_W"" / 2"
Default,FujaraBottomG2-1,CNC_Flue1,[Equation 12],Equation,,,,,,,FALSE,"""blank_length@Sketch1""= ""g_body_L_blank"""
Default,FujaraBottomG2-1,CNC_Flue1,[Equation 13],Equation,,,,,,,FALSE,"""blank_width@Sketch1""= ""g_body_blank_W"""
Default,FujaraBottomG2-1,CNC_Flue1,[Equation 14],Equation,,,,,,,FALSE,"""inner_bore_radius@Sketch2""= ""g_body_ID"" / 2"
Default,FujaraBottomG2-1,CNC_Flue1,[Equation 15],Equation,,,,,,,FALSE,"""outer_diameter@Sketch3""= ""g_body_OD"""
Default,FujaraBottomG2-1,CNC_Flue1,[Equation 16],Equation,,,,,,,FALSE,"""finished_length@Sketch7""= ""g_body_L_finished"""
Default,FujaraBottomG2-1,CNC_Flue1,[Equation 17],Equation,,,,,,,FALSE,"""dowel_pin_diameter@Sketch6""= ""g_dowel_OD"" + ""c_dowel_clearance"""
Default,FujaraBottomG2-1,CNC_Flue1,[Equation 18],Equation,,,,,,,FALSE,"""tube_diameter@Sketch8""= ""g_mp_tube_OD"" + ""c_slip_fit"""
Default,FujaraBottomG2-1,CNC_Flue1,[Equation 19],Equation,,,,,,,FALSE,"""mouthpiece_hole@Sketch5""= ""g_thru_passage_OD"" + ""c_glue_gap"""
Default,G2FujaraFlue-1,Default,Sketch1,ProfileFeature,flue_block_diameter@Sketch1@G2FujaraFlue.Part,31.7500,1.2500,N/A,FALSE,FALSE,FALSE,
Default,G2FujaraFlue-1,Default,cylinder,Extrusion,height@cylinder@G2FujaraFlue.Part,53.9750,2.1250,N/A,FALSE,FALSE,FALSE,
Default,G2FujaraFlue-1,Default,cylinder,Extrusion,flue_block_diameter@Sketch1@G2FujaraFlue.Part,31.7500,1.2500,N/A,FALSE,FALSE,FALSE,
Default,G2FujaraFlue-1,Default,Sketch1,ProfileFeature,flue_block_diameter@Sketch1@G2FujaraFlue.Part,31.7500,1.2500,N/A,FALSE,FALSE,FALSE,
Default,G2FujaraFlue-1,Default,Sketch2,ProfileFeature,flue_engagement@Sketch2@G2FujaraFlue.Part,3.8862,0.1530,N/A,FALSE,FALSE,FALSE,
Default,G2FujaraFlue-1,Default,Sketch2,ProfileFeature,flue_width@Sketch2@G2FujaraFlue.Part,12.7000,0.5000,N/A,FALSE,FALSE,FALSE,
Default,G2FujaraFlue-1,Default,flue track,ICE,D1@flue track@G2FujaraFlue.Part,76.2000,3.0000,N/A,FALSE,FALSE,FALSE,
Default,G2FujaraFlue-1,Default,flue track,ICE,flue_engagement@Sketch2@G2FujaraFlue.Part,3.8862,0.1530,N/A,FALSE,FALSE,FALSE,
Default,G2FujaraFlue-1,Default,flue track,ICE,flue_width@Sketch2@G2FujaraFlue.Part,12.7000,0.5000,N/A,FALSE,FALSE,FALSE,
Default,G2FujaraFlue-1,Default,Sketch2,ProfileFeature,flue_engagement@Sketch2@G2FujaraFlue.Part,3.8862,0.1530,N/A,FALSE,FALSE,FALSE,
Default,G2FujaraFlue-1,Default,Sketch2,ProfileFeature,flue_width@Sketch2@G2FujaraFlue.Part,12.7000,0.5000,N/A,FALSE,FALSE,FALSE,
Default,G2FujaraFlue-1,Default,Sketch3,ProfileFeature,duct_diameter@Sketch3@G2FujaraFlue.Part,12.7000,0.5000,N/A,FALSE,FALSE,FALSE,
Default,G2FujaraFlue-1,Default,Sketch3,ProfileFeature,duct_location@Sketch3@G2FujaraFlue.Part,22.2250,0.8750,N/A,FALSE,FALSE,FALSE,
Default,G2FujaraFlue-1,Default,air duct,ICE,duct_diameter@Sketch3@G2FujaraFlue.Part,12.7000,0.5000,N/A,FALSE,FALSE,FALSE,
Default,G2FujaraFlue-1,Default,air duct,ICE,duct_location@Sketch3@G2FujaraFlue.Part,22.2250,0.8750,N/A,FALSE,FALSE,FALSE,
Default,G2FujaraFlue-1,Default,Sketch3,ProfileFeature,duct_diameter@Sketch3@G2FujaraFlue.Part,12.7000,0.5000,N/A,FALSE,FALSE,FALSE,
Default,G2FujaraFlue-1,Default,Sketch3,ProfileFeature,duct_location@Sketch3@G2FujaraFlue.Part,22.2250,0.8750,N/A,FALSE,FALSE,FALSE,
Default,bottomtube-4,Default,Sketch2,ProfileFeature,outer_diameter@Sketch2@bottomtube.Part,15.8750,0.6250,N/A,FALSE,FALSE,FALSE,
Default,bottomtube-4,Default,cylinder,Extrusion,height@cylinder@bottomtube.Part,15.8750,0.6250,N/A,FALSE,FALSE,FALSE,
Default,bottomtube-4,Default,cylinder,Extrusion,outer_diameter@Sketch2@bottomtube.Part,15.8750,0.6250,N/A,FALSE,FALSE,FALSE,
Default,bottomtube-4,Default,Sketch2,ProfileFeature,outer_diameter@Sketch2@bottomtube.Part,15.8750,0.6250,N/A,FALSE,FALSE,FALSE,
Default,Cork-1,Default,Sketch1,ProfileFeature,top_diameter@Sketch1@Cork.Part,16.5100,0.6500,N/A,FALSE,FALSE,FALSE,
Default,Cork-1,Default,cone,Extrusion,height@cone@Cork.Part,12.7000,0.5000,N/A,FALSE,FALSE,FALSE,
Default,Cork-1,Default,cone,Extrusion,taper@cone@Cork.Part,87.2665,3.4357,N/A,FALSE,FALSE,FALSE,
Default,Cork-1,Default,cone,Extrusion,top_diameter@Sketch1@Cork.Part,16.5100,0.6500,N/A,FALSE,FALSE,FALSE,
Default,Cork-1,Default,Sketch1,ProfileFeature,top_diameter@Sketch1@Cork.Part,16.5100,0.6500,N/A,FALSE,FALSE,FALSE,
Default,7815K833_High-Strength 932 Bronze Flanged Sleeve Bearing-1,7815K833,Sketch1,ProfileFeature,Flange OD@Sketch1@7815K833_High-Strength 932 Bronze Flanged Sleeve Bearing.Part,42.8625,1.6875,N/A,FALSE,FALSE,FALSE,
Default,7815K833_High-Strength 932 Bronze Flanged Sleeve Bearing-1,7815K833,Sketch1,ProfileFeature,ID@Sketch1@7815K833_High-Strength 932 Bronze Flanged Sleeve Bearing.Part,31.7500,1.2500,N/A,FALSE,FALSE,FALSE,
Default,7815K833_High-Strength 932 Bronze Flanged Sleeve Bearing-1,7815K833,Sketch1,ProfileFeature,OD@Sketch1@7815K833_High-Strength 932 Bronze Flanged Sleeve Bearing.Part,38.1508,1.5020,N/A,FALSE,FALSE,FALSE,
Default,7815K833_High-Strength 932 Bronze Flanged Sleeve Bearing-1,7815K833,Sketch2,ProfileFeature,Flange Thickness@Sketch2@7815K833_High-Strength 932 Bronze Flanged Sleeve Bearing.Part,3.1750,0.1250,N/A,FALSE,FALSE,FALSE,
Default,7815K833_High-Strength 932 Bronze Flanged Sleeve Bearing-1,7815K833,Sketch2,ProfileFeature,Length@Sketch2@7815K833_High-Strength 932 Bronze Flanged Sleeve Bearing.Part,12.7000,0.5000,N/A,FALSE,FALSE,FALSE,
Default,7815K833_High-Strength 932 Bronze Flanged Sleeve Bearing-1,7815K833,Revolve1,Revolution,D1@Revolve1@7815K833_High-Strength 932 Bronze Flanged Sleeve Bearing.Part,6283.1853,247.3695,N/A,FALSE,FALSE,FALSE,
Default,7815K833_High-Strength 932 Bronze Flanged Sleeve Bearing-1,7815K833,Fillet1,Fillet,D1@Fillet1@7815K833_High-Strength 932 Bronze Flanged Sleeve Bearing.Part,0.2134,0.0084,N/A,TRUE,FALSE,FALSE,
Default,7815K833_High-Strength 932 Bronze Flanged Sleeve Bearing-1,7815K833,Fillet2,Fillet,D1@Fillet2@7815K833_High-Strength 932 Bronze Flanged Sleeve Bearing.Part,0.2134,0.0084,N/A,TRUE,FALSE,FALSE,
Default,7815K833_High-Strength 932 Bronze Flanged Sleeve Bearing-1,7815K833,[Equation 0],Equation,,,,,,,FALSE,"""D1@Fillet1""=(""OD@Sketch1""-""ID@Sketch1"")/30"
Default,7815K833_High-Strength 932 Bronze Flanged Sleeve Bearing-1,7815K833,[Equation 1],Equation,,,,,,,FALSE,"""D1@Fillet2""=(""OD@Sketch1""-""ID@Sketch1"")/30"
Default,[ASSEMBLY] Fujara_Assembly.SLDASM,Default,Distance1,MateDistanceDim,Blowpipe_protrusion@Distance1@Fujara_Assembly.Assembly,50.8000,2.0000,N/A,FALSE,FALSE,FALSE,
Default,[ASSEMBLY] Fujara_Assembly.SLDASM,Default,Sketch2,ProfileFeature,cut_to_length@Sketch2@Fujara_Assembly.Assembly,1755.7750,69.1250,N/A,FALSE,FALSE,FALSE,
Default,[ASSEMBLY] Fujara_Assembly.SLDASM,Default,cut_to_length,RevCut,D1@cut_to_length@Fujara_Assembly.Assembly,6283.1853,247.3695,N/A,FALSE,FALSE,FALSE,
Default,[ASSEMBLY] Fujara_Assembly.SLDASM,Default,cut_to_length,RevCut,cut_to_length@Sketch2@Fujara_Assembly.Assembly,1755.7750,69.1250,N/A,FALSE,FALSE,FALSE,
Default,[ASSEMBLY] Fujara_Assembly.SLDASM,Default,Sketch2,ProfileFeature,cut_to_length@Sketch2@Fujara_Assembly.Assembly,1755.7750,69.1250,N/A,FALSE,FALSE,FALSE,
Default,[ASSEMBLY] Fujara_Assembly.SLDASM,Default,Sketch3,ProfileFeature,true_sound_hole_to_splitting_edge_offset@Sketch3@Fujara_Assembly.Assembly,0.2409,0.0095,N/A,TRUE,FALSE,FALSE,
